Paper ID Number,PMID,Title,Authors,Journal
3,21571341,Risk of Death from prostate cancer after radical prostatectomy or brachytherapy in men with low or intermedate risk disease,"Arvold, N",J Urol 2011;186(1):91-96
4,18289596,Mayo Clinic Validation of the D'Amico Risk Group Classification for Predicting Survival Following Radical Prostatectomy,"Boorjian, S.",J Urol 2008;179():1354-1361
20,22270175,The Impact of Brachytherapy on Prostate Cancer- Specific Mortality for Definitive Radiation Therapy of High-Grade Prostate Cancer: A population- based Analysis,"Shen, X",IJROBP 2011;In Press():
29,20215039,Loose seeds versus stranded seeds in I-125 proatate brachytherapy: differences in clinical outcome,"Hinnen, KA",Radiotherapy & Oncology 2010;96(1):30-33
49,19875340,Factors Impacting All Cause Mortality in Prostate Cancer Brachytherapy Patients with or Without Androgen Deprivation Therapy,"Taira, A",brachytherapy 2010;9(1):42-9
61,25308970,The natual history and predictors of outcome following biochemical patients undergoing definitive external beam radiotherapy,"Zumsteg, Z",Eur Urol 2015;67():1009-16
72,25925789,Androgen Deprivation Therapy and Risk of Death...,"Keane, F",Cancer 2015;121(16):2713-19
73,25925789,Androgen Deprivation Therapy and Risk of Death...,"Keane, F",Cancer 2015;121(16):2713-19
78,24209381,Intensity-modulated radiotherapy versus radical prostatectomy in patients with localized prostate cancer: long-term follow-up,"Merino, T",BMC Cancer 2013;13():530
80,27997745,"Impact of treatment on progression to castration-resistance, metastases, and death in men with localized high-grade prostate cancer.","Miller, ET",Cancer Med 2017;6(1):163-72
83,19540066,Total Androgen Blockade Versus a Luteinizing Hormone-Releasing Hormone Agonist Alone in Men with High-Risk Prostate Cancer Treated with Radiotherapy,"Nanda, A",IJROBP 2010;76(5):1439-44
84,19540066,Total Androgen Blockade Versus a Luteinizing Hormone-Releasing Hormone Agonist Alone in Men with High-Risk Prostate Cancer Treated with Radiotherapy,"Nanda, A",IJROBP 2010;76(5):1439-44
85,24698961,15-yr cause specific and all-cause survival following brachytherapy for prostate cancer: negative impact of long-term hormonal therapy.,"Stone, N",J Urol 2014;192(3):754-9
86,22901567,Updated results of magnetic resonance imaging guided partial prostate brachytherapy for favorable risk prostate cancer: implications for focal therapy,"Nguyen, P",J Urol 2012;188(4):1151-56
94,20562373,Outcomes in Localized Prostate Cancer: National Prostate Cancer Registry of Sweden Follow-up Study,"Stattin, P",J Natl Cancer Inst 2010;102(13):950-958
105,22245303,Long-term outcomes of open radical retropubic prostatectomy for clinically localized prostate cancer in the prostate-specific antigen era,"Dorin, R",Urology 2012;79(3):262-31
116,21345741,Moderate dose escalation with single-fraction high-dose-rate brachytherapy boost for clinically localized intermediate- and high-risk prostate cancer: 5-year outcome of the first 100 consecutively treated patients,"Agoston, P",Brachytherapy 2011;10(5):376-84
117,17296379,13yr outcomes following treatment for clinically localized prostate cancer in a population based cohort,"Albertsen, P",J. Urology 2007;177():932-936
119,26825856,Survival outcomes of combined external beam radiotherapy and brachytherapy vs. brachytherapy alone for intermediate-risk prostate cancer patients using the National Cancer Data Base.,"Amini, A",Brachytherapy 2016;15(2):136-46
121,24351458,"Analysis of prognostic factors in localized high-risk prostate cancer patients treated with HDR brachytherapy, hypofractionated 3D-CRT and neoadjuvant/adjuvant androgen deprivation therapy (trimodality therapy)","Aoki, M",J Radiat Res. 2014;55(3):527-32
122,27910728,Predictive factors associated with biochemical recurrence following radical prostatectomy for pathological T2 prostate cancer with negative surgical margins.,"Aoun, F",Scand J Urol 2017;51(1):20-26
123,22537541,Updated results and patterns of failure in a randomized hypofractionation trial for high-risk prostate cancer,"Arcangeli, S",IJROBP 2012;84(5):1172-78
124,12206842,Targeted Cryoablation of the Prostate: 7_Year Outcomes in the Primary Treatment of Prostate Cancer,"Bahn, D",Urology 2002;60(2A):3-11
133,17315165,Radical prostatectomy for clinical stage T3a disease,"Freedland, S",Cancer 2007;109(7):1273-1278
148,23462420,Retrospective evaluation reveals that long-term androgen deprivation therapy improves cause-specific and overall survival in the setting of dose-escalated radiation for high-risk prostate cancer,"Feng, F",IJROBP 2013;86(1):64-71
149,27390578,Oncologic outcome of radical prostatectomy as monotherpay for men with high-risk prostate cancer.,"Furukawa, J",Curr Urol 2016;9(2):67-72
150,15001244,Long-term outcome by risk factors using conformal high dose brachy boost with or without Neoadjuvant androgen suppression for localized prostate cancer,"Galalae, R",IJROBP 2004;58(4):1048-1055
151,16520907,Hypofractionated Conformal HDR Brachytherapy in Hormone Na?ve Men with Localized Prostate Cancer,"Galalae, R",Strahlentherapie und Onkologie 2006;181():135-141
152,24360880,The 15-year outcomes of high-dose-rate brachytherapy for radical dose escalation in patients with prostate cancer- a benchmark for high-tech external beam radiotherapy alone?,"Galalae, R",Brachytherapy 2014;13(2):117-22
153,26005979,Analysis of monotherapy prostate brachytherapy in patients with prostate cancer: initial PSA and gleason are important for recurrence?,"Galego, P",IBJU 2015;41(2):353-59
154,23356910,Fourteen-year oncological and functional outcomes of high-intensity focused ultrasound in localized prostate cancer.,"Ganzer, R",BJU Int 2013;112(3):322-9
155,24138913,Conventional versus automated implantation of loose seeds in prostate brachytherapy: analysis of dosimetric and clinical results,"Genebes, C",IJROBP 2013;87(4):651-58
156,28586945,Low-dose-rate brachytherapy versus cryotherapy in low- and intermediate-risk prostate cancer.,"Gestaut, MM",IJROBP 2017;98(1):101-107
157,27600607,Treatment results of brachytherapy vs. external beam radiation therapy for intermediate-risk prostate cancer with 10-year follow up.,"Goy, BW",Brachytherapy 2016;15(6):687-94
158,23552872,Radical radiotherapy in high-risk prostate cancer patients with high or ultra-high initial PDSA levels: a single institution analysis,"Guarneri, A",J Ca Res Clin Oncol 2013;139(7):1141-7
159,25168692,Oncological outcomes of cryotherapy as primary treatment in T3 prostate cancer: experience of a single centre.,"Guo, Z",BJU Int 2015;116(1):79-84
160,26443877,High-dose-rate monotherapy for localized prostate cancer: 10-year results.,"Hauswald, H.",IJROBP 2016;epub Aug 5():
162,25770875,High-dose-rate brachytherapy boost for intermediate-risk prostate cancer: long-term outcomes of two different treatment schedules and early biochemical?,"Helou, J",Radiother Oncol 2015;115(1):84-89
163,22326573,"Outcomes following iodine-125 brachytherapy in patients with Gleason 7, intermediate risk prostate cancer: A population-based cohort study","Herbert, C",Radiotherapy & Oncol 2012;103(2):228-32
164,19540075,Long-Term Biochemical and Survival Outcome of 921 Patients Treated with I125 Permanent Prostate Brachytherapy,"Hinnen, K",IJROBP 2010;76(5):1433-1438
165,19289266,RADIATION DOSE PREDICTS FOR BIOCHEMICAL CONTROL IN INTERMEDIATE-RISK PROSTATE CANCER PATIENTS TREATED WITH LOW-DOSE-RATE BRACHYTHERAPY,"Ho, A",IJROBP 2009;75(1):16-22
166,27506334,Impact of androgen-deprivation therapy on the outcome of dose-escalation prostate cancer radiotherapy without elective pelvic irradiation.,"Hou, WH",Asian J Androl 2016;epub Jul 29():596-601
167,17094781,Comparing results after surgery in patients with clinical unilateral T3a prostate cancer treated with or without neoadjuvant androgen-deprivation therapy,"Hsu, C",BJU Int'l 2006;99():311-314
168,27339116,"Hypofractionated versus conventionally fractionated radiotherapy for patients with localised prostate cancer (HYPRO): final efficacy results from a randomised, multicentre, open-label, phase 3 trial.","Incrocci, L",Lancet Oncol 2016;17(8):1061-9
169,23664646,"Long-term outcome for prostate cancer using pseudo pulse-dosed rate brachytherapy, external beam radiotherapy, and hormones","Izard, M",Brachytherapy 2013;12(6):608-14
170,24222312,High-dose-rate brachytherapy and hypofractionated external beam radiotherapy combined with long-term hormonal therapy for high-risk and very high-risk prostate cancer: outcomes after 5-year follow-up,"Ishiyama, H",J Radiat Res. 2014;55(3):509-17
171,19409729,EQUIVALENT BIOCHEMICAL CONTROL AND IMPROVED PROSTATE-SPECIFIC ANTIGEN NADIR AFTER PERMANENT PROSTATE SEED IMPLANT BRACHYTHERAPY VERSUS HIGH-DOSE THREE-DIMENSIONAL CONFORMAL RADIOTHERAPY AND HIGH-DOSE CONFORMAL PROTON BEAM RADIOTHERAPY BOOST,"Jabbari, S",IJROBP 2010;76(1):36-42
173,28029404,A combined single high-dose-rate brachytherapy boost with hypofractionated external beam radiotherapy results in a high rate of biochemical disease free survival in localised intermediate and high risk prostate cancer patients.,"Joseph, N",Radiother Oncol 2016;121(2):299-303
176,19636023,Re: Prostate Cancer-Specific Mortality after Radical Prostatectomy for Patients Treated in the Prostate Specific Antigen Era,"Stephenson, AJ",European Urology 2009;56():1086-1090
177,19553031,Whole pelvis radiotherapy in combination with interstitial brahytherapy: does coverage of the pelvic lymph nodes improve treatment outcome in high risk prostate cancer,"Bittner, N",IJROBP 2009;76(4):1078-1084
178,27084658,"Five-year biochemical results, toxicity, and patient-reported quality of life after delivery of dose-=escalated image-guided proton therapy for prostate cancer.","Bryant, C",IJROBP 2015;95(1):422-34
181,16813890,Long-term outcome following radical prostatectomy in men w/clinical stage T-3 prostate cancer,"Carver, B",J. Urology 2006;176():546-568
184,14511029,Outcome after radical prostatectomy with a pretreatment prostate biopsy gleason score of ?8,"Manoharan, M",BJU Int'l 2003;92():539-544
189,18279937,Is it possible to compare PSA recurrence-free survival after surgery & radiotherapy using revised ASTRO criterion-nadir +2,"Nielsen, M",Urology 2008;72(2):389-393
194,25976294,High-dose-rate brachytherapy boost for prostate cancer: Outcomes and genitourinary toxicity.,"Bece, A",Brachytherapy 2015;14(5):670-76
195,22386416,Ten-year Follow-up of Neoadjuvant Therapy with Goserelin Acetate and Flutamide Before Radical Prostatectomy for Clinical T3 and T4 Prostate Cancer: Update on Southwest Oncology Group Study 9109,"Berglund, RK",Urology 2012;79(3):633-37
196,15028451,NO DIFFERENCE IN SIX-YEAR BIOCHEMICAL FAILURE RATES WITH OR WITHOUT PELVIC LYMPH NODE DISSECTION DURING RADICAL PROSTATECTOMY IN LOW RISK PATIENTS WITH LOCALIZED PROSTATE CANCER,"Bhatta-Dhar, N",Urology 2004;63(3):528-531
197,17482880,Escalated-dose versus standard-dose conformal radiotherapy in prostate cancer: first results from the MRC RT01 randomised controlled trial,"Dearnaley, DP",Lancet Oncology 2007;8():475-87
199,15774239,High dose rate (HDR) brachytherapy with conformal radiation therapy for localized prostate cancer,"Deger, S",Eurr Urol 2005;47(4):441-48
200,19398902,Excellent results from high dose rate brachytherapy and external beam for prostate cancer are not improved by androgen deprivation,"Demanes, D J",Am J. Clinical Oncology 2009;32(4):342-347
201,24996687,Oncological outcomes at 10 years following robotic radical prostatectomy,"Diaz, M",Eur Urol 2015;67(6):1168-76
202,24053230,Five-year outcomes after iodine-125 seed brachytherapy for low-risk prostate cancer at three cancer centres in the UK.,"Dickinson, P",BJU Int 2014;113(5):748-53
203,22494584,Twelve-month prostate-specific antigen values and perineural invasion as strong independent prognostic variables of long-term biochemical outcome after prostate seed brachytherapy,"Ding, W",IJROBP 2012;84(4):962-7
205,23103235,25-year disease-free survival rate after irradiation for prostate cancer calculated with the prostat specific antigen definition of recurrences used for radical prostatectomy,"Critz, FA",J Urol 2013;189(3):878-83
206,15538238,10 Year disease free survival rates after simultaneous irradiation fro prostate cancer with a focus on calulation and methodology,"Critz, F",J. Urology 2004;172():2232-2338
207,23669165,Whole-gland ablation of localized prostate cancer with high-intensity focused ultrasound: oncological outcomes and morbidity in 1002 patients,"Crouzet, S",Eur Urol 2014;65(5):907-14
208,21784585,Single-fraction High-dose-rate Brachytherapy and hypofractionated external beam radiation therapy in the treatment of intermediate-risk prostate cancer- long term results,"Cury, L",IJROBP 2012;82(4):1417-23
209,25466361,The clinical significance of persistent cancer cells on prostate biopsy after high-dose-rate brachytherapy boost for intermediate-risk prostate cancer,"D'Alimonte, L",Brachytherapy 2015;14():309-14
210,17577217,Long-term outcomes after treatment with brachytherapy and supplemental conformal radiation for prostate cancer patients having intermediate and high-risk features,"Dattoli, M",Cancer 2007;110(3):551-555
211,20847945,"Long-Term Outcomes for Patients with Prostate Cancer Having Intermediate and High-Risk Disease, Treated with Combination External Irradiation and Brachytherapy","Dattoli, M",Journal of Oncology 2010;2010():Article ID 471375 6pgs.
214,23769266,Treatment outcomes and morbidity following definitive brachytherapy with or without external beam radiation for the treatment of localized prostate cancer: 20-year experience at Mount Sinai Medical Center,"Marshall, R",Urol Oncol 2014;32(1):38 e1-7
215,17084553,Permanent Prostate Implant Using High Activity Seeds & Inverse Planning With Fast Simulated Annealing Algorithum: A 12-Year Canadian Experience,"Martin, A-G",Int. J. Rad Onc/Bio 2007;67(2):334-341
216,25582682,Permanent seed brachytherapy for clinically localized Prostate Cancer: Long-term outcomes in a 700 patient cohort.,"Martinez, E",Brachytherapy 2015;14(2):166-72
219,27219522,Long-term outcomes of a randomized phase 3 study of short-term bicalutamide hormone therapy and dose-escalated external beam radiation therapy for localized prostate cancer.,"McPartlin, AJ",Cancer 2016;122(16):2595-603
221,20869162,Biochemical Recurrence Following Robot-assisted radical prostatectomy: analysis of 1384 patients with a median 5-year follow-up,"Menon, M",Eur. Urol. 2010;58():838-46
222,26525214,Is supplemental external beam radiation therapy essentrial to maximize brachytherapy outocmes in patients with unfavorable intermediate-risk disease?,"Merrick, G",Brachytherapy 2016;15(1):79-84
223,,,,
226,16682149,Androgen deprivation therapy dose not impact cause specific overall survival after permanent prostate brachytherapy,"Merrick, G",IJROBP 2006;65(3):669-677
227,11912386,Outcome of patients w/ gleason score 8 or higher prostate cancer following radical prostatectomy alone,"Mian, B",J. of Urology 2002;167():1675-1680
228,22633552,Clinical outcomes of patients treated with 3D conformal radaiation therapy (3D-CRT) for prostate cancer on RTOG 9406.,"Michalski, J",IJROBP 2012;83(3):e363-70
229,28126300,Effect of long-term hormonal therapy (short-term hormonal therapy): a secondary analysis of intermediate-risk prostate cancer patients treated on NRG oncology RTOG 9202.,"Mirhadi, AJ",IJROBP 2017;97(3):511-15
230,25487524,Does prostate-specifc antigen nadir predict longer-term outcomes of prostate cancer after neoadjuvant and adjuvant androgen deprivation therapy in conjunction with brachytherapy?,"Morris, L",Brachytherapy 2015;14(3):322-28
236,23083655,The impact of anatomical radical retropubic prostatectomy on cancer control: the 30-year anniversary.,"Mullins, JK",J Urol 2012;188(6):2219-24
237,20362348,"Outcomes for Gleason 7, intermediate risk, localized prostate cancer treated with iodine-125 monotherapy over 10 years.","Munro, NP",Radiotherapy & Oncology 2010;96(1):34-37
238,26278988,Hypofrationated radiation therapy for prostate cancer: the McGill University Health Center Experience,"Neto, O.B.",Cancer Radiotherapy 2015;19(42528):431-36
240,23798338,Long-term outcomes for men with high-risk prostate cancer treated definitively with external- beam radiotherapy with or without androgen deprivation,"Nguyen, Q",Cancer 2013;119(18):3265-71
242,24401540,Combined brachytherapy and external beam radiotherapy without adjuvant androgen deprivation therapy for high-risk prostate cancer,"Ohashi, T",Radiation Oncol 2014;9():13
244,26832677,Dose escalation with external beam radiation therapy and high-dose-rate brachytherapy combined with long-term androgen deprivation therapy in high and very high-risk prostate cancer.,"Olarte, A",Brachytherapy 2016;15(2):127-35
245,27965117,High-dose-rate brachytherapy monotherapy without androgen deprivation therapy for intermediate-risk prostate cancer,"Patel, S",Brachytherapy 2017;16(2):299-305
247,25268067,Late toxicity and outcomes in High-risk prostate cancer patients treated with hypofractionated IMRT and Long-term androgen suppression treatment,"Pervez, N",Am J Clin Oncol 2017;40(2):200-206
249,29032014,High-intermediate prostate cancer treated with low-dose-rate brachytherapy with or without androgen deprivation therapy.,"Pickles, T",Brachytherapy 2017;16(6):1101-05
251,21880104,Evolution of the clinical presentation of men undergoing radical prostatectomy for high-risk prostate cancer,"Pierorazio, P",BJU Int 2012;109(7):988-93
252,20350749,Long-term survival after radical prstatectomy for men with high Gleason sum in pathologic specimen,"Pierorazio, PM",Urology 2010;76(3):715-21
253,21783233,Radical Prostatectomy for High-risk Prostate Cancer Defined by Preoperative Criteria: Oncologic Follow-up in National Multicenter Study in 813 Patients and Assessment of Easy-to-use Prognostic Substratification,"Ploussard, G",Urology 2011;78(3):607-13
258,27174603,Low-dose rate brachytherapy with I-125 seeds has an excellent 5-year outcome with few side effects in patients with low-risk prostate cancer.,"Rasmusson, E",Acta Oncol 2016;55(8):1016-21
259,28434799,Improved outcomes with dose escalation in localized prostate cancer treated with precision image-guided radiotherapy.,"Raziee, H",Radiother Oncol 2017;123(3):459-65
261,26051802,Is supplemental external beam radiation therapy necessary for patients with higher risk prostate cancer treated with 103-Pd? Results of two prospective randomized trials.,"Merrick, G",Brachytherapy 2015;14(5):677-85
263,27339115,"Conventional versus hypofractionated high-dose intensity-modulated radiotherapy for prostate cancer: 5-year outcomes of the randomised, non-inferiority, phase 3 CHHiP trial.","Dearnaley, D",Lancet Oncol 2016;17(8):1047-60
265,26209502,A phase 3 trial of 2 years of androgen suppression and radiation therapy with or without adjuvant chemotherapy for high-risk prostate cancer: final results of radiation therapy oncology group phase 3 randomized trial NRG oncology RTOG 9902,"Rosenthal, S.",IJROBP 2015;93(2):294-302
268,21493015,Gleason Pattern 5 is the Greatest Risk Factor for clinical failure and death from prostate cancer after dose-escalated radiation therapy and hormonal ablation,"Sabolch, A",IJROBP 2011;81(4):e351-60
269,23194129,High-dose rate brachytherapy compared with open radical prostatectomy for the treatment of high-risk prostate cancer: 10 year biochemical freedom from relapse,"Savdie, R",BJU Int 2012;110(Supp 4):71-76
270,25874174,Clincal and biochemical outcomes for men undergoing radical prostatectomy or radiation therapy for localized prostate cancer.,"Schreiber, D",Raidat Oncol 2015;33(1):21-28
272,24517957,Treatment outcomes in very high-risk prostate cancer treated by dose-escalation and combined-modality radiation therapy,"Shilkrut, M",Am J Clinical Oncology 2016;39(2):181-8
273,22893254,The addition of low-dose-rate brachytherapy and androgen-deprivation therapy decreases biochemical failure and prostate cancer death compared with dose-escalated external-beam radiation therapy for high-risk prostate cancer.,"Shilkrut, M",Cancer 2013;119(3):681-90
274,25539368,A dose-response analysis of biochemical control outcomes after 125-I monotherapy for patients with favorable-risk prostate cancer,"Shiraishi, Y",IJROBP 2014;90(5):1069-75
276,25596107,Brachytherapy Improves biochemical failure- free survival in low- and intermediate-risk prostate cancer compared with conventionally fractionated external beam radiation therapy: a proprensity score matched analysis.,"Smith, G",IJROBP 2015;91(3):505-16
278,22633365,Biochemical Recurrence After Robot-assisted Radical Prostatectomy in a European Single-centre Cohort with a  Minimum Follow-up Time of 5 Years,"Sooriakumaran, P",Eurr Urol 2012;62(5):768-74
279,20299147,Outcome predictors of radical prostatectomy in patients with prostate-specific antigen great than 20 ng/ml: A European multi-institutional study of 712 patients.,"Spahn, M",Eur Urol 2010;58():1-7
281,22795805,Long-term survival and toxicity in patients treated with high-dose intensity modulated radiation therapy for localized prostate cancer,"Spratt, DE",IJROBP 2013;85(3):686-92
282,21645976,Continued benefit to androgen deprivation therapy for prostate cancer patients treated with dose-escalated radiation therapy across multiple definitions of high-risk disease,"Stenmark, M",IJROBP 2011;81(4):e335-44
283,19493260,"Outcomes for Patients with high-grade prostate cancer treated with a combination of brachytherapy, external beam radiotherapy and hormonal therapy","Stock, R",BJU international 2009;104(11):1631-1636
284,10758314,"Comparison of biochemical disease-free survival of patients with localized carcinoma of the prostate undergoing radical prostatectomy, transperineal ultrasound-guided radioactive seed implantation, or definitive external beam irradiation","Stokes, S",Int. J. Rad Onc/Bio 2000;47(1):129-136
287,25579535,Radiation therapy for clinically localized prostate cancer: Long-term results of 469 patients from a single institution in the era of dose escalation.,"Surapaneni, A",J Cancer Res Ther 2014;10(4):951-56
288,20864269,"FIFTEEN-YEAR BIOCHEMICAL RELAPSE-FREE SURVIVAL, CAUSE-SPECIFIC SURVIVAL, AND OVERALL SURVIVAL FOLLOWING I125 PROSTATE BRACHYTHERAPY IN CLINICALLY LOCALIZED PROSTATE CANCER: SEATTLE EXPERIENCE","Sylvester, J",IJROBP 2011;81(2):376-81
289,17084544,15-Year Biochemical Relapse Free Survival in Clinical Stage T1-T3 Prostate Cancer Following Combined External Beam Radiotherapy and Brachytherapy:Seattle Experience,"Sylvester, J",IJROBP 2007;67(1):57-64
290,14575824,Ten Year Biochemical Relapse Free Survival After External Beam Radiationand and Brachytherapy for Localized Prostate Cancer: The Seattle Experience,"Sylvester, J",IJROBP 2003;57(4):944-952
291,27456710,Do androgen deprivation and the biologically equivalent dose matter in low-dose-rate brachytherapy for intermediate-risk prostate cancer?,"Tabata, R",Cancer Med. 2016;5(9):2314-22
293,19467793,Natural History of Clinically Staged Low- and Intermediate Risk Prostate Cancear Treated With Monotherapeutic Permanent Interstitial Brachytherapy,"Taira, A",IJROBP 2010;76(2):349-354
295,21665379,Redefining high-risk prostate cancer based on distant metastases and mortality after high-dose radiotherapy with androgen deprivation therapy,"Tendulkar, R",IJROBP 2012;82(4):1397-1404
296,26916105,Defining the value framework for prostate brachytherapy using patient-centered outcome metrics and time-driven activity-based costing,"Thaker, N.G.",brachytherapy 2016;epub Feb. 23():
298,22792470,Dose-Escalated Hypofractionated Intensity-Modulated Radiotherapy in High-Risk Carcinoma of the Prostate: Outcome and Late Toxicity,"Thomson, D",Prostate Cancer  2012;Epub (41080):
300,27138879,High-dose rate radiotherapy with helical tomotherapy and long-term androgen deprivation therapy for prostate cancer: 5 year outcomes,"Tomita, N",J Cancer Res Ther 2016;142(7):1609-19
301,23849172,Biochemical outcomes for patients with intermediate risk prostate cancer treated with I-125 interstitial Brachytherapy monotherapy,"Tran, A",Radiotherapy & Oncol 2013;109(2):235-40
302,27257412,Prostate-specific-antigen nadir after high-dose-rate brachytherapy predicts long-term survival outcomes in high-risk prostate cancer,"Tsumura, H",J Contemp Brachyther 2016;8(2):95-103
303,25079940,Improved Outcomes with advancements in high intensity focused ultrasound devices for the treatment of localized prostate cancer.,Uchida,J Urol 2015;193(1):103-10
306,20378156,"Five year biochemical recurrence free survival for intermediate risk prostate cancer after radical prostatectomy, external beam radiation, or permanent seed implantation","Vassil, AD",Urology 2010;76(5):1251-57
308,23415964,Nine-year outcome and toxicity in patients treated with IMRT for localized prostate cancer,"Vora, S",J Urol 2013;epub(41311):
309,15794776,Radical Prostatectomy for Clinically Advanced (cT3) Prostate Cancer Since the Advent of PSA Testing:15 year outcomes,"Ward, J","BJU, Int. 2005;95(6):751-756"
310,18242383,Limited pelvic lymph node dissection does not improve biochemical relapse free survival at 10-years after radical prostatectomy in patients with low risk prostate cancer,"Weight, C",J. Urology 2008;71(1):141-145
312,25304650,Permanent prostate brachytherapy and short-term androgen deprivation for intermediate-risk prostate cancer in Japanese men: outcome and toxicity.,"Yamada, Y",Brachytherapy 2015;14(2):118-23
313,26489923,Treatment outcomes with permanent brachytherapy in high-risk prostate cancer patients stratified into prognostic categories.,"Bittner, N",Brachytherapy 2015;14(6):766-72
314,22436516,Long-term outcome for very high-risk prostate cancer treated primarily with a triple modality approach to include permanent interstitial brachytherapy,"Bittner, N",Brachytherapy 2012;11(4):250-55
315,18448268,Primary causes of death after permanent prostate brachytherapy,"Bittner, N",IJROBP 2008;72(2):433-440
316,28333019,"A comparison between low-dose-rate brachytherapy with or without androgen deprivation, externam beam radiation therapy with or without androgen deprivation, and radical prostatectomy with or without adjuvant or salvage radiation therapy for high-risk prostate cancer.","Ciezki, J",IJROBP 2017;97(5):962-75
317,21470787,Comparison of High-Dose-Rate Proton Radiotherapy and Brachytherapy in Localized Prostate Cancer: A Case-Matched Analysis,"Coen, J",IJROBP 2012;82(1):e25-e31
318,18342200,Ten-Year Biochemical Disease Control for patients w/prostate ca treated w/cryosurgery as primary therapy,"Cohen, J",Urology 2008;71(3):516-518
319,25286905,Results of a cohort of 200 hormone-na?ve consecutive patients with prostate cancer treated with I-125 permanent interstital brachytherapy by the same multidisciplinary team.,"Bolla, M",Cancer Radiother 2014;18(7):643-8
322,27276878,Different outcomes among favourable and unfavourable and unfavourable intermediate-risk prostate cancer patients treated with hypofractionated radiotherapy and androgen deprivation therapy.,"Bracci, S",Radiat Oncol 2016;11():78
324,25389521,Quality of life and toxicity after SBRT for organ-confined prostate cancer: 7 year study,"Katz, A",Front. Oncol 2014;4():301 (6 pgs)
325,24382205,Stereotactic body radiotherapy with of without EBRT as treatment for organ confined high-risk prostate cancer: a six year study,"Katz, A",Radiotherapy and Oncology 2014;9():1 (10 pgs)
326,27458572,Predicting biochemical disease-free survival after prostate stereotactic body radiotherapy: risk-stratification and patterns of failure.,"Katz, A",Front. Oncol 2016;6():168
327,27649109,Oncological outcomes following radical prostatectomy for patients with pT4 prostate cancer,"Kaushik, D",Int Braz J Urol 2016;42(6):1091-98
329,17437819,Adjuvant Weekly Docetaxel for Patients With High Risk Prostate Ca After Rad Prostatectomy,"Kibel, A",J Urol 2007;177():1777-1781
330,25962627,"Long-term efficacy and toxicity of low-dose-rate 125-I prostate brachytherapy as monotherapy in low-, intermediate- and high-risk prostate cancer","Kittel, J",IJROBP 2015;92(4):884-93
331,19111801,"Outcomes For Intermediate Risk Prostate Cancer: Are There Advantage For Sugery, External Beam, or Brachytherapy","Klein, E",Urologic Oncology 2009;27(1):67-71
332,28461982,The long-term outcomes of radical prostatectomy for very high-risk prostate cancer pT3b-T4 NO-1 on definitive histopathology.,"Kliment, J Jr.",Cent. European J Urol 2017;70(1):13-19
333,14529768,Biochemical outcome after prostate brachytherapy with 5-year minimal follow-up: importance of patient selection and implant quality,"Kollimeier, M",IJROBP 2003;57(3):645-653
334,22831750,Clinical outcomes of high-dose-rate brachytherapy and external beam radiotherapy in the management of clinically localized prostate cancer,"Kotecha, R",Brachytherapy 2013;12(1):44-49
335,20493642,Long-term Failure Patterson and Survival in a Randomized Dose-Escalation Trial for Prostate Cancer. Who Dies of Disease,"Kuban, D",IJROBP 2011;79(5):1310-17
338,26960506,Outcome of radical prostatectomy as primary treatment for high-risk prostate cancer patients.,"Kulkarni, J.N.",Indian Journal of Urology 2015;52(4):646-52
339,15667961,Improved Biochemical Relapse-Free Survival With Increased Radiation Doses in Patients With Locaized Prostate Cancer: The Combined Experience of Nine Institutions in 1994 and 1995,"Kupelian, P",IJROBP 2005;61(2):415-419
343,25911994,Combination therapy improves prostate cancer survival for patients with potentially lethal prostate cancer: the impact of Gleason pattern 5,"Liss, A.",Brachytherapy 2015;14(4):502-10
346,25885406,The role of androgen deprivation therapy on biochemical failure and distant metastisis in intermediate-risk prostate cancer: effects of radiation dose escalation.,"Ludwig, MS",BMC Cancer 2015;15():190 (8pgs)
347,17698095,Importance of tumor location in patients with high preoperative prostate specific antigen levels (greater than 20 ng/ml) treated with radical prostatectomy,"Magheli, A",J Urology 2007;178():1311-1315
350,22457326,Long-term Oncological Outcome and Risk Stratification in Men with High-risk Prostate Cancer Treated with Radical Prostatectomy,"Yamamoto, S",Jpn J Clin Oncol 2012;42(6):541-47
351,27628127,Long-term outcomes of high-dose-rate brachytherapy for  intermediate- and high-risk prostate cancer with a median follow-up of 10 years.,"Yaxley, JW",BJU Int 2016;epub Sept 15():
352,25127123,Permanent prostate brachytherapy with or without supplemental external beam radiotherapy as predicted in Japan: Outcomes of 1300 patients,"Yorozu, A",Brachytherapy 2015;14(2):111-17
353,20646858,Monotherapeutic high-dose-rate brachytherapy for prostate cancer: five-year results of an extreme hypofractionation regimen with 54 Gy in nine fractions,"Yoshioka, Y",IJROBP 2011;80(2):469-75
354,26238951,High-dose-rate brachytherapy as monotherapy for intermediate- and high-risk prostate cancer: clinical results for a median 8-year follow-up.,"Yoshioka, Y",IJROBP 2015;epub June 3():
355,28333018,"Nationwide, multicenter, retrospective study on high-dose-rate brachytherapy as monotherapy for prostate cancer","Yoshioka, Y",IJROBP 2017;97(5):952-61
356,25702876,"High-dose radiotherapy woth short-term or long-term androgen deprivation in localised prostate cancer (DART01/05 GICOR): a randomised, controlled, phase 3 trial","Zapatero, A",The Lancet 2015;16(3):320-27
357,17189063,Five-Year Outcome of Intraoperative Conformal Permanent I-125 Interstitial Implantation for Patients With Clinically Localized Prostate Cancer,"Zelefsky, M",IJROBP 2007;67(1):65-70
359,18222596,Long term outcome following 3-D conformal intensity modulated ext-beam radiotherapy for clinical stage T3 prostate cancer,"Zelefsky, M",European Urology 2008;53(6):1172-1179
360,16952647,Long Term Outcome of High Dose Intensity Modulated Radiation Therapy for Patients With Clinically Localized Prostate Cancer,"Zelefsky, M",J. Urology 2006;176():1415-1419
362,17084558,Multi-institutional analysis of long-term outcome for stages T1-T2 prostate cancer treated with permanent seed implantation,"Zelefsky, M",IJROBP 2007;67(2):327-333
363,21195465,Comparison of Tumor Control and Toxicity outcomes of High-dose Intensity-modulated Radiotherapy and Brachytherapy for Patients with Favorable Risk Prostate Cancer,"Zelefsky, M J",Urology 2011;77(4):986-90
364,20124169,Randomized Trial Comparing Conventional-Dose With High-Dose Conformal Radiation Therapy in Early Stage Adenocarcinoma of the Prostate: Long-Term Results From Proton Radiation Oncology Group/American College of Radiology 95-09,"Zietman, A",J. Clinical Oncology 2010;28(7):1106-1111
367,22981709,Short-term androgen-deprivation therapy improves prostate cancer-specific mortality on intermediate-risk prostate cancer patients undergoing dose-escalated external beam radiation therapy,"Zumsteg, Z",IJROBP 2013;85(4):1012-7
401,24841351,A Competing Risk Analysis of Cancer-Specific Mortality of Initial Treatment with Radical Prostatectomy vs RT in Clinically Localized HR PC,"Lee, Joo Yong",Ann Surg Oncol 2014;21():4026-33
419,23415962,Evolution and outcomes of 3 MHz high intensity focused ultrasound therapy for localized prostate cancer over 15 years,"Th?roff, S",J Urol 2013;190(2):702-10
421,22808955,Radical Prostatectomy versus Observation for Localized Prostate Cancer,"Wilt, TJ",New Eng J Med 2012;367(3):203-13
424,17765406,Long term results of the MD Anderson randomized dose escalation trial for prostate cancer,"Kuban, D",IJROBP 2008;70(1):67-74
425,25614075,Survival without long term biochemical recurrence after radical prostatectomy for cancer a comparative analysis by surgical approach.,"Rizk, J",Urol in Prog 2015;25(3):157-68
432,28296582,Randomized Trial of a Hypofractionated Radiation Regimen for the Treatment of Localized Prostate Cancer.,"Catton, CN",J Clin Oncol.?2017 Jun 10;35(17):1884-1890
433,16900523,Clinical and Pathologic Outcome After RP for PC Patients with a Preoperative Gleason Sum of 8-10,"Bastian, P.J.",Cancer 2006;107(6):1265-72
434,22153925,Identifying the Best Candidate for RP Among Patients with High-Risk PC,"Briganti, A.",Euro Urol 2012;61():584-92
435,20932674,High Risk PC with Gleanson Score 8-10 and PSA Level less than 15 ng/mL Treated with Permanent Interstitial Brachytherapy,"Fang, L.C.",IJROBP 2011;81(4):992-96
437,23551568,Favourable long-term outcomes with brachytherapy-based regimens in men less than 60 years with clinically localized PC,"Kollmeier, M.A.",BJUI 2013;111():1231-36
438,19931898,What are the Outcomes of RP for High-Risk PC?,"Loeb, S.",Jurology 2010;76():710-14
441,19307949,High Dose Rate and External Beam Radiotherapy in Locally Advanced PC,"Viani, G.A.",AmJClinOnc 2009;32(2):187-90
442,28514929,Five-year outcomes from a prospective trial ofimage-guided accelerated hypofractionated proton therapy for prostate cancer,"Henderson, R.H.",Acta Oncologica 2017;56(7):963-970
443,28739700,Long-term Oncologic Outcomes of Robotic-assisted Radical Prostatectomy by a Single Surgeon,"Hung, Sheng-Chun",Anti Cancer Research 2017;37():4157-64
444,28762283,The risk of biochemical recurrence for intermediate-risk prostate cancer after radical prostatectomy,"Kurbegovic, Sorel",Scand J Urol 2017;56(1):450-56
446,29029889,"Brachytherapy for Intermediate-Risk Prostate Cancer, Androgen Deprivation and the Risk of Death","Pickles, Tom",Int Journal of Rad Onc 2017;100(1):45-52
480,31158102,Phase 2 Multicenter Trial of Heterogeneous-dosing Stereotactic Body Radiotherapy for Low- and Intermediate-risk Prostate Cancer: 5-year Outcomes,"Fuller, DB",Eur Urol Oncol 2018;1(6):540-47
485,25229051,"Stereotactic body radiotherapy as treatment for organ confined low- and intermediate-risk prostate carcinoma, a 7-year study","Katz, AJ",Front Oncol 2014;4():pg1-6
496,30191864,Multicenter Trial of Stereotactic Body Radiation Therapy for Low- and Intermediate-Risk Prostate Cancer: Survival and Toxicity Endpoints,"Meier, RM",IJROBP 2018;102(2):296-303
510,29359988,Long-term outcomes following proton therapy for prostate cancer in young men with a focus on sexual health.,Ho CK,Acta Oncol. 2018 May;57(5):582-588. doi: 10.1080/0284186X.2018.1427886. Epub 2018 Jan 23.
512,29491101,Moderate Hypofractionation in Patients with Low-risk Prostate Cancer: Long-term Outcomes.,Valeriani M,Anticancer Res. 2018 Mar;38(3):1671-1676.
513,29171166,Outcomes of Asian patients with localized prostate cancer treated with combined intensity modulated radiation therapy (IMRT) and high dose rate (HDR) brachytherapy: A single institution experience.,Ng IWS,Asia Pac J Clin Oncol. 2018 Oct;14(5):e386-e391. doi: 10.1111/ajco.12819. Epub 2017 Nov 23.
515,30303599,Prostate cancer in 432 men aged <50 years in the prostate-specific antigen era: a new outlook.,Gielchinsky I,BJU Int. 2018 Nov;122 Suppl 5:35-41. doi: 10.1111/bju.14586. Epub 2018 Nov 8.
516,29607601,Low-dose-rate brachytherapy for the treatment of localised prostate cancer in men with a high risk of disease relapse.,Laing R,BJU Int. 2018 Oct;122(4):610-617. doi: 10.1111/bju.14223. Epub 2018 May 8.
518,29166142,Effects of dose-escalated radiotherapy in combination with long-term androgen deprivation on prostate cancer.,Tomita N,Br J Radiol. 2018 Feb;91(1083):20170431. doi: 10.1259/bjr.20170431. Epub 2017 Dec 5.
519,29102738,Manual vs. automated implantation of seeds in prostate brachytherapy: Oncologic results from a single-center study.,Thomas L,Brachytherapy. 2018 Jan - Feb;17(1):214-220. doi: 10.1016/j.brachy.2017.09.013.
520,30143400,Long-term outcomes analysis of low-dose-rate brachytherapy in clinically T3 high-risk prostate cancer.,Agarwal M,Brachytherapy. 2018 Nov - Dec;17(6):882-887. doi: 10.1016/j.brachy.2018.07.001. Epub 2018 Aug 22.
521,30245170,Selection of patients who would not require long-term prostate-specific antigen monitoring after low-dose-rate brachytherapy.,Niwa N,Brachytherapy. 2018 Nov - Dec;17(6):899-905. doi: 10.1016/j.brachy.2018.08.018. Epub 2018 Sep 21.
522,30293836,Permanent prostate brachytherapy monotherapy with I-125 for low- and intermediate-risk prostate cancer: Outcomes in 974 patients.,Routman DM,Brachytherapy. 2019 Jan - Feb;18(1):1-7. doi: 10.1016/j.brachy.2018.09.003. Epub 2018 Oct 4.
523,29764515,"Long-term outcome of a moderately hypofractionated, intensity-modulated radiotherapy approach using an endorectal balloon for patients with localized prostate cancer.",Teh BS,Cancer Commun (Lond). 2018 Apr 17;38(1):11. doi: 10.1186/s40880-018-0281-4.
524,29441697,Long-term outcomes of proton therapy for prostate cancer in Japan: a multi-institutional survey of the Japanese Radiation Oncology Study Group.,Iwata H,Cancer Med. 2018 Mar;7(3):677-689. doi: 10.1002/cam4.1350. Epub 2018 Feb 14.
525,28279064,Cancer-Specific Mortality Among Korean Men with Localized or Locally Advanced Prostate Cancer Treated with Radical Prostatectomy Versus Radiotherapy: A Multi-Center Study Using Propensity Scoring and Competing Risk Regression Analyses.,Koo KC,Cancer Res Treat. 2018 Jan;50(1):129-137. doi: 10.4143/crt.2017.004. Epub 2017 Mar 8.
527,29229325,"Prospective Phase 2 Trial of Permanent Seed Implantation Prostate Brachytherapy for Intermediate-Risk Localized Prostate Cancer: Efficacy, Toxicity, and Quality of Life Outcomes.",Frank SJ,Int J Radiat Oncol Biol Phys. 2018 Feb 1;100(2):374-382. doi: 10.1016/j.ijrobp.2017.09.050. Epub 2017 Oct 12.
528,30402050,Time to Disease Recurrence Is a Predictor of Metastasis and Mortality in Patients with High-risk Prostate Cancer Who Achieved Undetectable Prostate-specific Antigen Following Robot-assisted Radical Prostatectomy.,Kim DK,J Korean Med Sci. 2018 Oct 16;33(45):e285. doi: 10.3346/jkms.2018.33.e285. eCollection 2018 Nov 5.
529,29225057,Comparison of Pathological and Oncologic Outcomes of Favorable Risk Gleason Score 3 + 4 and Low Risk Gleason Score 6 Prostate Cancer: Considerations for Active Surveillance.,Gearman DJ,J Urol. 2018 May;199(5):1188-1195. doi: 10.1016/j.juro.2017.11.116. Epub 2017 Dec 7.
530,29543933,Effect of Standard vs Dose-Escalated Radiation Therapy for Patients With Intermediate-Risk Prostate Cancer: The NRG Oncology RTOG 0126 Randomized Clinical Trial.,Michalski JM,JAMA Oncol. 2018 Jun 14;4(6):e180039. doi: 10.1001/jamaoncol.2018.0039. Epub 2018 Jun 14.
531,29509865,"Radical Prostatectomy, External Beam Radiotherapy, or External Beam Radiotherapy With Brachytherapy Boost and Disease Progression and Mortality in Patients With Gleason Score 9-10 Prostate Cancer.",Kishan AU,JAMA. 2018 Mar 6;319(9):896-905. doi: 10.1001/jama.2018.0587.
533,29496280,Two decades of high dose rate brachytherapy with external beam radiotherapy for prostate cancer.,Astrom L,Radiother Oncol. 2018 Apr;127(1):81-87. doi: 10.1016/j.radonc.2017.12.025.
534,29764692,Combined high dose rate brachytherapy and external beam radiotherapy for clinically localised prostate cancer.,Strouthos I,Radiother Oncol. 2018 Aug;128(2):301-307. doi: 10.1016/j.radonc.2018.04.031. Epub 2018 May 12.
535,30190166,Comparison of three moderate fractionated schedules employed in high-dose-rate brachytherapy monotherapy for clinically localized prostate cancer.,Yamazaki H,Radiother Oncol. 2018 Nov;129(2):370-376. doi: 10.1016/j.radonc.2018.07.026. Epub 2018 Sep 3.
536,30389241,Ten-year survival after High-Dose-Rate Brachytherapy combined with External Beam Radiation Therapy in high-risk prostate cancer: A comparison with the Norwegian SPCG-7 cohort.,Wedde TB,Radiother Oncol. 2019 Mar;132:211-217. doi: 10.1016/j.radonc.2018.10.013. Epub 2018 Oct 30.
537,29463165,Results of 14 years of brachytherapy for localized prostate cancer in Denmark: the Herlev cohort.,Jacobsen MG,Scand J Urol. 2018 Apr;52(2):164-168. doi: 10.1080/21681805.2018.1438510. Epub 2018 Feb 20.
538,29276060,Brachytherapy monotherapy may be sufficient for a subset of patients with unfavorable intermediate risk prostate cancer.,King MT,Urol Oncol. 2018 Apr;36(4):157.e15-157.e20. doi: 10.1016/j.urolonc.2017.11.022. Epub 2017 Dec 21.
539,29890979,"Long-term oncologic outcomes of radiotherapy combined with maximal androgen blockade for localized, high-risk prostate cancer.",Luo Y,World J Surg Oncol. 2018 Jun 11;16(1):107. doi: 10.1186/s12957-018-1395-5.
540,30452521,Surgery vs Radiotherapy in the Management of Biopsy Gleason Score 9-10 Prostate Cancer and the Risk of Mortality.,Tilki D,JAMA Oncol. 2019 Feb 1;5(2):213-220. doi: 10.1001/jamaoncol.2018.4836.
541,30460935,Outcomes of men aged 50 years treated with radical prostatectomy: a retrospective analysis.,Song B,Asian J Androl. 2019 Mar-Apr;21(2):150-155. doi: 10.4103/aja.aja_92_18.
542,30566649,Long-term results of intensity-modulated radiotherapy with three dose-fractionation regimens for localized prostate cancer.,Takemoto S,J Radiat Res. 2019 Mar 1;60(2):221-227. doi: 10.1093/jrr/rry089.
543,30721720,Ten-Year Outcomes of Moderately Hypofractionated (70 Gy in 28 fractions) Intensity Modulated Radiation Therapy for Localized Prostate Cancer.,Abu-Gheida I,Int J Radiat Oncol Biol Phys. 2019 Jun 1;104(2):325-333. doi: 10.1016/j.ijrobp.2019.01.091. Epub 2019 Feb 2.
544,30724780,Application of a Prognostic Stratification System for High-risk Prostate Cancer to Patients Treated With Radiotherapy: Implications for Treatment Optimization.,Foster B,Am J Clin Oncol. 2019 Apr;42(4):382-390. doi: 10.1097/COC.0000000000000521.
545,30735336,Prostate brachytherapy with iodine-125 seeds: analysis of a single institutional cohort.,Leite ETT,Int Braz J Urol. 2019 Mar-Apr;45(2):288-298. doi: 10.1590/S1677-5538.IBJU.2018.0142.
546,30835628,The Ratio of the Number of Biopsy Specimens to Prostate Volume (Biopsy Density) Greater Than 1.5 Improves the Prostate Cancer Detection Rate in Men Undergoing Transperineal Biopsy of the Prostate.,Stone NN,J Urol. 2019 Aug;202(2):264-271. doi: 10.1097/JU.0000000000000204. Epub 2019 Jul 8.
548,31227400,Long-term efficacy and urological toxicity of low-dose-rate brachytherapy (LDR-BT) as monotherapy in localized prostate cancer.,Vuolukka K,Brachytherapy. 2019 Sep - Oct;18(5):583-588. doi: 10.1016/j.brachy.2019.05.005. Epub 2019 Jun 18.
549,31427178,Long-term biochemical outcomes using cesium-131 in prostate brachytherapy.,Moran BJ,Brachytherapy. 2019 Nov - Dec;18(6):800-805. doi: 10.1016/j.brachy.2019.07.002. Epub 2019 Aug 16.
551,31522882,Results of 15Gy HDR-BT boost plus EBRT in intermediate-risk prostate cancer: Analysis of over 500 patients.,Martell K,Radiother Oncol. 2019 Dec;141:149-155. doi: 10.1016/j.radonc.2019.08.017. Epub 2019 Sep 12.
556,31829912,Sequencing of Androgen-Deprivation Therapy With External-Beam Radiotherapy in Localized Prostate Cancer: A Phase III Randomized Controlled Trial.,Malone S,J Clin Oncol. 2020 Feb 20;38(6):593-601. doi: 10.1200/JCO.19.01904. Epub 2019 Dec 12. Erratum in: J Clin Oncol. 2020 Jun 10;38(17):2005.
558,31820209,Low incidence of late recurrence in patients with intermediate-risk prostate cancer treated by intensity-modulated radiation therapy plus short-term androgen deprivation therapy,Aizawa R,Int J Clin Oncol. 2020 Apr;25(4):713-719. doi: 10.1007/s10147-019-01596-7. Epub 2019 Dec 9.
559,32249178,Cesium-131 prostate brachytherapy: A single institutional long-term experience,Benoit RM,Brachytherapy. 2020 May-Jun;19(3):298-304. doi: 10.1016/j.brachy.2020.02.006. Epub 2020 Apr 2.
560,31629640,Comparison of outcome endpoints in intermediate- and high-risk prostate cancer after combined-modality radiotherapy,Boehle A,Brachytherapy. 2020 Jan-Feb;19(1):24-32. doi: 10.1016/j.brachy.2019.09.001. Epub 2019 Oct 16.
561,33258482,Impact of radiation dose on recurrence in high-risk prostate cancer patients,Deek M,Prostate. 2020 Nov;80(15):1322-1327. doi: 10.1002/pros.24059. Epub 2020 Aug 17.
563,32327702,African-American men with low-risk prostate cancer treated with radical prostatectomy in an equal-access health care system: implications for active surveillance,Deka R,Prostate Cancer Prostatic Dis. 2020 Dec;23(4):581-588. doi: 10.1038/s41391-020-0230-6. Epub 2020 Apr 23.
565,32738465,Long-Term Results of Moderate Hypofractionation to Prostate and Pelvic Nodes Plus Androgen Suppression in High-Risk Prostate Cancer,Faria S,Pract Radiat Oncol. 2020 Nov-Dec;10(6):e514-e520. doi: 10.1016/j.prro.2020.06.012. Epub 2020 Jul 29.
567,31704459,Ten-Year Treatment Outcomes of Radical Prostatectomy Vs External Beam Radiation Therapy Vs Brachytherapy for 1503 Patients With Intermediate-risk Prostate Cancer,Goy BW,Urology. 2020 Feb;136:180-189. doi: 10.1016/j.urology.2019.09.040. Epub 2019 Nov 5.
568,32573779,"Oncological outcomes for patients with locally advanced prostate cancer treated with neoadjuvant endocrine and external-beam radiation therapy followed by adjuvant continuous/intermittent endocrine therapy in an open-label, randomized, phase 3 trial",Ito K,Cancer. 2020 Sep 1;126(17):3961-3971. doi: 10.1002/cncr.33034. Epub 2020 Jun 23.
569,33035622,Dose-response with stereotactic body radiotherapy for prostate cancer: A multi-institutional analysis of prostate-specific antigen kinetics and biochemical control,Levin-Epstein RG,Radiother Oncol. 2021 Jan;154:207-213. doi: 10.1016/j.radonc.2020.09.053. Epub 2020 Oct 7.
570,33008404,Long-term outcomes of moderately hypofractionated radiotherapy (67.5 Gy in 25 fractions) for prostate cancer confined to the pelvis: a single center retrospective analysis,Yao L,Radiat Oncol. 2020 Oct 2;15(1):231. doi: 10.1186/s13014-020-01679-0.
571,32111781,Clinical Outcomes of Dose-escalated Radiotherapy for Localised Prostate Cancer: A Single-institution Experience,Meng K,In Vivo. 2020 Mar-Apr;34(2):757-765. doi: 10.21873/invivo.11835.
572,32642874,Treatment of low-risk prostate cancer: a retrospective study with 477 patients comparing external beam radiotherapy and I-125 seeds brachytherapy in terms of biochemical control and late side effects,Moll M,Strahlenther Onkol. 2021 Feb;197(2):118-123. doi: 10.1007/s00066-020-01657-1. Epub 2020 Jul 8.
573,33279855,Androgen deprivation therapy and radiotherapy in intermediate-risk prostate cancer: A randomised phase III trial,Nabid A,Eur J Cancer. 2021 Jan;143:64-74. doi: 10.1016/j.ejca.2020.10.023. Epub 2020 Dec 3.
574,32933541,Stereotactic body radiotherapy versus conventional/moderate fractionated radiation therapy with androgen deprivation therapy for unfavorable risk prostate cancer,Patel SA,Radiat Oncol. 2020 Sep 15;15(1):217. doi: 10.1186/s13014-020-01658-5.
575,32169590,A Prospective Multi-Institutional Phase I/II Trial of Step-Wise Dose-per-Fraction Escalation in Low and Intermediate Risk Prostate Cancer,Ritter MA,Pract Radiat Oncol. 2020 Sep-Oct;10(5):345-353. doi: 10.1016/j.prro.2020.02.013. Epub 2020 Mar 10.
576,30992160,Prostate-only Versus Whole-pelvis Radiation with or Without a Brachytherapy Boost for Gleason Grade Group 5 Prostate Cancer: A Retrospective Analysis,Sandler KA,Eur Urol. 2020 Jan;77(1):3-10. doi: 10.1016/j.eururo.2019.03.022. Epub 2019 Apr 13.
577,32217039,Long-term biochemical control and cause-specific survival in men with Gleason grade Group 4 and 5 prostate cancer treated with brachytherapy and external beam irradiation,Stone NN,Brachytherapy. 2020 May-Jun;19(3):275-281. doi: 10.1016/j.brachy.2020.01.008. Epub 2020 Mar 23.
578,32763013,I-125 or Pd-103 for brachytherapy boost in men with high-risk prostate cancer: A comparison of survival and morbidity outcomes,Stone NN,Brachytherapy. 2020 Sep-Oct;19(5):567-573. doi: 10.1016/j.brachy.2020.06.001. Epub 2020 Aug 3.
579,32335059,"Metastasis, Mortality, and Quality of Life for Men With NCCN High and Very High Risk Localized Prostate Cancer After Surgical and/or Combined Modality Radiotherapy",Tward JD,Clin Genitourin Cancer. 2020 Aug;18(4):274-283.e5. doi: 10.1016/j.clgc.2019.11.023. Epub 2020 Mar 19.
580,32664981,Stereotactic body radiotherapy for localized prostate cancer - 5-year efficacy results,Vuolukka K,Radiat Oncol. 2020 Jul 14;15(1):173. doi: 10.1186/s13014-020-01608-1.
582,32763013,I-125 or Pd-103 for brachytherapy boost in men with high-risk prostate cancer: A comparison of survival and morbidity outcomes,Stone NN,Brachytherapy. 2020 Sep-Oct;19(5):567-573. doi: 10.1016/j.brachy.2020.06.001. Epub 2020 Aug 3.
583,32327702,African-American men with low-risk prostate cancer treated with radical prostatectomy in an equal-access health care system: implications for active surveillance,Deka R,Prostate Cancer Prostatic Dis. 2020 Dec;23(4):581-588. doi: 10.1038/s41391-020-0230-6. Epub 2020 Apr 23.
